<?xml version="1.0" encoding="UTF-8"?>
<!-- Produced by Beyond Compare 4 from Scooter Software -->
<BCSessions Version="1" MinVersion="1">
	<TSessionFolder>
		<Items>
			<TSessionFolder>
				<Items>
					<TDirCompareSession Value="goalseek-fullstack-api-demo &lt;--> goalseek-fullstack-api">
						<LastModified Value="2019-09-22 13:44:56"/>
						<Specs>
							<Left Value="C:\Users\Reeja.k\Documents\MyProject\home\git_repo\goalseek-fullstack-api-demo"/>
							<Right Value="C:\Users\Reeja.k\Documents\MyProject\home\git_repo\goalseek-fullstack-api"/>
						</Specs>
						<State>
							<DisplayFilter Value="[showLeftAdded, showRightAdded, showLeftChanged, showRightChanged, showConflict]"/>
						</State>
					</TDirCompareSession>
				</Items>
			</TSessionFolder>
			<TDirCompareSession>
				<State>
					<DisplayFilter Value="[showLeftAdded, showRightAdded, showLeftChanged, showRightChanged, showConflict]"/>
				</State>
			</TDirCompareSession>
		</Items>
	</TSessionFolder>
</BCSessions>
