<?xml version="1.0" encoding="UTF-8"?>
<!-- Produced by Beyond Compare 4 from Scooter Software -->
<BCState Version="1" MinVersion="1">
	<TBcState>
		<FirstStartup Value="False"/>
		<FormPositions>
			<TViewFrame Value="78;78;1239;696;3"/>
		</FormPositions>
	</TBcState>
	<TCheckForUpdatesState>
		<Build Value="23938"/>
		<LastChecked Value="2019-09-21 21:25:57"/>
	</TCheckForUpdatesState>
	<TDirCompareState>
		<LeftMRUSpecs>
			<_0 Value="C:\Users\Reeja.k\Documents\MyProject\home\git_repo\goalseek-fullstack-api-demo"/>
			<_1 Value="C:\Users\Reeja.k\Documents"/>
			<_2 Value="C:\Users\Reeja.k\Documents\MyProject"/>
			<_3 Value="C:\Users\Reeja.k\Documents\MyProject\home"/>
			<_4 Value="C:\Users\Reeja.k\Documents\MyProject\home\git_repo"/>
		</LeftMRUSpecs>
		<RightMRUSpecs>
			<_0 Value="C:\Users\Reeja.k\Documents\MyProject\home\git_repo\goalseek-fullstack-api"/>
			<_1 Value="C:\Users\Reeja.k\Documents"/>
			<_2 Value="C:\Users\Reeja.k\Documents\MyProject"/>
			<_3 Value="C:\Users\Reeja.k\Documents\MyProject\home"/>
			<_4 Value="C:\Users\Reeja.k\Documents\MyProject\home\git_repo"/>
		</RightMRUSpecs>
	</TDirCompareState>
	<THomeState>
		<SessionType Value="TDirCompareSession"/>
	</THomeState>
	<TTextCompareState>
		<LeftMRUSpecs>
			<_0 Value="C:\Users\Reeja.k\Documents\MyProject\home\git_repo\goalseek-fullstack-api-demo\pom.xml"/>
			<_1 Value="C:\Users\Reeja.k\Documents\MyProject\home\git_repo\goalseek-fullstack-api-demo\src\main\java\com\goalseek\Application.java"/>
		</LeftMRUSpecs>
		<MRUFonts>
			<_0 Value="Consolas;10"/>
		</MRUFonts>
		<RightMRUSpecs>
			<_0 Value="C:\Users\Reeja.k\Documents\MyProject\home\git_repo\goalseek-fullstack-api\pom.xml"/>
			<_1 Value="C:\Users\Reeja.k\Documents\MyProject\home\git_repo\goalseek-fullstack-api\src\main\java\com\goalseek\Application.java"/>
		</RightMRUSpecs>
	</TTextCompareState>
</BCState>
